original_filename,new_filename,previous_public_path,original_path,new_path,category,duration_seconds,resolution,width,height,orientation,codec,codec_profile,pixel_format,audio_codec,frame_rate,size_bytes,sha256,duplicate_status,kept_original_filename,poster_path,proposed_page_placements,related_collections,conversion_status,visual_review_group
AQM-ToJqW1LFcyf3TIHmeOoTui96kG3KJI91ihFjPgjrfMqynkipnBfD-3sqiIwAvKAo2Haq3Xl96rqCJBUXsGqOSU_lOn9jMFtTmcs3rEwf4Q.mp4,blush-photo-invitation-suite-01.mp4,public/media/video/AQM-ToJqW1LFcyf3TIHmeOoTui96kG3KJI91ihFjPgjrfMqynkipnBfD-3sqiIwAvKAo2Haq3Xl96rqCJBUXsGqOSU_lOn9jMFtTmcs3rEwf4Q.mp4,media-source/videos-original/AQM-ToJqW1LFcyf3TIHmeOoTui96kG3KJI91ihFjPgjrfMqynkipnBfD-3sqiIwAvKAo2Haq3Xl96rqCJBUXsGqOSU_lOn9jMFtTmcs3rEwf4Q.mp4,public/media/motion/collections/blush-photo-invitation-suite-01.mp4,collections,34.402,720x1280,720,1280,portrait,h264,High,yuv420p,aac,29.97,3921473,75cb0bf33036bcebbbca0e64bb83487f390f9a3bbc86c767344e845cbd06d791,unique,AQM-ToJqW1LFcyf3TIHmeOoTui96kG3KJI91ihFjPgjrfMqynkipnBfD-3sqiIwAvKAo2Haq3Xl96rqCJBUXsGqOSU_lOn9jMFtTmcs3rEwf4Q.mp4,public/media/motion/collections/blush-photo-invitation-suite-01-poster.jpg,home|collections|collection-detail|gallery,,production-ready,
AQMBlZXlWZbC9In6KTWoeHRmmX2Mt1tjIfq0RNgV4zQUQP316tG8hozZmBxqhevOI5Vxmo-KxUAq8dViL_2kASOlfku1jGl4QkO6evLnE7DbKw.mp4,red-box-black-gold-presentation-01.mp4,public/media/video/AQMBlZXlWZbC9In6KTWoeHRmmX2Mt1tjIfq0RNgV4zQUQP316tG8hozZmBxqhevOI5Vxmo-KxUAq8dViL_2kASOlfku1jGl4QkO6evLnE7DbKw.mp4,media-source/videos-original/AQMBlZXlWZbC9In6KTWoeHRmmX2Mt1tjIfq0RNgV4zQUQP316tG8hozZmBxqhevOI5Vxmo-KxUAq8dViL_2kASOlfku1jGl4QkO6evLnE7DbKw.mp4,public/media/motion/packaging-and-presentation/red-box-black-gold-presentation-01.mp4,packaging-and-presentation,34.8,720x1280,720,1280,portrait,h264,High,yuv420p,aac,30,4059308,348cc6ab4253e5e3d688ee7d517e8e1b6ce635eeceba978c8711aeadc494a852,unique,AQMBlZXlWZbC9In6KTWoeHRmmX2Mt1tjIfq0RNgV4zQUQP316tG8hozZmBxqhevOI5Vxmo-KxUAq8dViL_2kASOlfku1jGl4QkO6evLnE7DbKw.mp4,public/media/motion/packaging-and-presentation/red-box-black-gold-presentation-01-poster.jpg,home|collection-detail|gallery,,production-ready,
AQMgtutafQ14bi6clVu8XKJgIJXBX0zAW_8bUVVVI6zuwIlxHaYkbd8S1zFQEwCGDuhCbcDu_WOmRJRz4Dd4wI2vXFpt9odjTQmuyThmegLBxA.mp4,champagne-gold-relief-detail-01.mp4,public/media/video/AQMgtutafQ14bi6clVu8XKJgIJXBX0zAW_8bUVVVI6zuwIlxHaYkbd8S1zFQEwCGDuhCbcDu_WOmRJRz4Dd4wI2vXFpt9odjTQmuyThmegLBxA.mp4,media-source/videos-original/AQMgtutafQ14bi6clVu8XKJgIJXBX0zAW_8bUVVVI6zuwIlxHaYkbd8S1zFQEwCGDuhCbcDu_WOmRJRz4Dd4wI2vXFpt9odjTQmuyThmegLBxA.mp4,public/media/motion/details-and-finishes/champagne-gold-relief-detail-01.mp4,details-and-finishes,31.866,720x1280,720,1280,portrait,h264,High,yuv420p,aac,29.97,6270771,54c1d3778b8f06a6a094f851fa1b81a3ffd24b3298d803e465ee0711656bb691,unique,AQMgtutafQ14bi6clVu8XKJgIJXBX0zAW_8bUVVVI6zuwIlxHaYkbd8S1zFQEwCGDuhCbcDu_WOmRJRz4Dd4wI2vXFpt9odjTQmuyThmegLBxA.mp4,public/media/motion/details-and-finishes/champagne-gold-relief-detail-01-poster.jpg,home|our-craft|gallery,champagne-sculpted-bird-suite,production-ready,ornate-relief-folder-details
AQMiJknrsIP-HV8sE2SdvH_lMFjROYUO5NcAY9YDOCC9Q6P5DDIc9wK101brqNkIIEeGRZND7P8eQBfh2YajmgutJeSMMwRvXmlSPDeyniq6Iw.mp4,floral-illustration-invitation-suite-01.mp4,public/media/video/AQMiJknrsIP-HV8sE2SdvH_lMFjROYUO5NcAY9YDOCC9Q6P5DDIc9wK101brqNkIIEeGRZND7P8eQBfh2YajmgutJeSMMwRvXmlSPDeyniq6Iw.mp4,media-source/videos-original/AQMiJknrsIP-HV8sE2SdvH_lMFjROYUO5NcAY9YDOCC9Q6P5DDIc9wK101brqNkIIEeGRZND7P8eQBfh2YajmgutJeSMMwRvXmlSPDeyniq6Iw.mp4,public/media/motion/collections/floral-illustration-invitation-suite-01.mp4,collections,14.467,720x1280,720,1280,portrait,h264,High,yuv420p,aac,30,2639959,dc426794f507bb0b4c09acb4556911e1d4d928cf4310fe964266ed6159002568,unique,AQMiJknrsIP-HV8sE2SdvH_lMFjROYUO5NcAY9YDOCC9Q6P5DDIc9wK101brqNkIIEeGRZND7P8eQBfh2YajmgutJeSMMwRvXmlSPDeyniq6Iw.mp4,public/media/motion/collections/floral-illustration-invitation-suite-01-poster.jpg,collections|collection-detail|gallery,illustrated-romance-suite,production-ready,
AQMLBncm9icaAxh-_frLH_gwk21lMS9zxlaMdyrM7HCi0IM4-36Pt1OcGlU7qgntcPgmtXJom-GqcSi53ecZnYRVIYUUMi8lfBs.mp4,grey-certificate-folder-suite-01.mp4,public/media/video/AQMLBncm9icaAxh-_frLH_gwk21lMS9zxlaMdyrM7HCi0IM4-36Pt1OcGlU7qgntcPgmtXJom-GqcSi53ecZnYRVIYUUMi8lfBs.mp4,media-source/videos-original/AQMLBncm9icaAxh-_frLH_gwk21lMS9zxlaMdyrM7HCi0IM4-36Pt1OcGlU7qgntcPgmtXJom-GqcSi53ecZnYRVIYUUMi8lfBs.mp4,public/media/motion/collections/grey-certificate-folder-suite-01.mp4,collections,30.931,1080x1920,1080,1920,portrait,vp9,Profile 0,yuv420p,aac,29.97,9729902,a0788ac2bbcbcde31db7404430246ea9ecbe4ba0301d5fb1aacad056f3a15615,unique,AQMLBncm9icaAxh-_frLH_gwk21lMS9zxlaMdyrM7HCi0IM4-36Pt1OcGlU7qgntcPgmtXJom-GqcSi53ecZnYRVIYUUMi8lfBs.mp4,public/media/motion/collections/grey-certificate-folder-suite-01-poster.jpg,collections|collection-detail|gallery,modern-grey-luxury-suite,convert-to-h264,
AQMLf1XhNS2QEq-bTsqAupR9ySDpsrFkCIxBeW9bK-oiKvDBIT8lgGEx1z6ITP-RSp9UPpUMveWJljIaHC0XbZe0FHhPNBHFMezSXzv4ZlWjPA.mp4,brown-gold-relief-folder-detail-01.mp4,public/media/video/AQMLf1XhNS2QEq-bTsqAupR9ySDpsrFkCIxBeW9bK-oiKvDBIT8lgGEx1z6ITP-RSp9UPpUMveWJljIaHC0XbZe0FHhPNBHFMezSXzv4ZlWjPA.mp4,media-source/videos-original/AQMLf1XhNS2QEq-bTsqAupR9ySDpsrFkCIxBeW9bK-oiKvDBIT8lgGEx1z6ITP-RSp9UPpUMveWJljIaHC0XbZe0FHhPNBHFMezSXzv4ZlWjPA.mp4,public/media/motion/details-and-finishes/brown-gold-relief-folder-detail-01.mp4,details-and-finishes,20.428,720x1280,720,1280,portrait,h264,High,yuv420p,aac,26.973,3123125,87c5a311390e16dbf19f5dae1bff0f28fa9f9329e4ce4bb93da9cdef59674451,unique,AQMLf1XhNS2QEq-bTsqAupR9ySDpsrFkCIxBeW9bK-oiKvDBIT8lgGEx1z6ITP-RSp9UPpUMveWJljIaHC0XbZe0FHhPNBHFMezSXzv4ZlWjPA.mp4,public/media/motion/details-and-finishes/brown-gold-relief-folder-detail-01-poster.jpg,our-craft|gallery,warm-brown-script-folders,production-ready,ornate-relief-folder-details
AQMVzjjvQ4dy-7I0q1oS2oKF8t5EgIz4YGLTeI_weGGsB5lKH8KGsEvz_KYPfjvnhdBaZaBGbg8Ib_K9AUg9In6OR_AuJ62PBO8.mp4,pink-boxed-invitation-presentation-01.mp4,public/media/video/AQMVzjjvQ4dy-7I0q1oS2oKF8t5EgIz4YGLTeI_weGGsB5lKH8KGsEvz_KYPfjvnhdBaZaBGbg8Ib_K9AUg9In6OR_AuJ62PBO8.mp4,media-source/videos-original/AQMVzjjvQ4dy-7I0q1oS2oKF8t5EgIz4YGLTeI_weGGsB5lKH8KGsEvz_KYPfjvnhdBaZaBGbg8Ib_K9AUg9In6OR_AuJ62PBO8.mp4,public/media/motion/packaging-and-presentation/pink-boxed-invitation-presentation-01.mp4,packaging-and-presentation,27.294,1080x1920,1080,1920,portrait,vp9,Profile 0,yuv420p,aac,29.971,6112810,6ea117bfa68581dff089b00e2aab74d7208d6447c6f52790505c960817b6ac3e,unique,AQMVzjjvQ4dy-7I0q1oS2oKF8t5EgIz4YGLTeI_weGGsB5lKH8KGsEvz_KYPfjvnhdBaZaBGbg8Ib_K9AUg9In6OR_AuJ62PBO8.mp4,public/media/motion/packaging-and-presentation/pink-boxed-invitation-presentation-01-poster.jpg,home|collection-detail|gallery,,convert-to-h264,boxed-presentation-variants
AQMWVLT1rnHEtKXRlQfSFVYkTAj8gSTz7W5cbkBm3lJ98FpA35tsmGJDCTSBSSsOgnkZerN9dUZ-7V-9pDEl_zL7r-5du1xyemyJWv3GXcWtgA.mp4,green-stationery-preparation-01.mp4,public/media/video/AQMWVLT1rnHEtKXRlQfSFVYkTAj8gSTz7W5cbkBm3lJ98FpA35tsmGJDCTSBSSsOgnkZerN9dUZ-7V-9pDEl_zL7r-5du1xyemyJWv3GXcWtgA.mp4,media-source/videos-original/AQMWVLT1rnHEtKXRlQfSFVYkTAj8gSTz7W5cbkBm3lJ98FpA35tsmGJDCTSBSSsOgnkZerN9dUZ-7V-9pDEl_zL7r-5du1xyemyJWv3GXcWtgA.mp4,public/media/motion/process-and-making/green-stationery-preparation-01.mp4,process-and-making,37.134,720x1280,720,1280,portrait,h264,High,yuv420p,aac,30,4426552,316c0cba6efcfa9adba7961799a115280a719d9808177e76eddac74790d49a9f,unique,AQMWVLT1rnHEtKXRlQfSFVYkTAj8gSTz7W5cbkBm3lJ98FpA35tsmGJDCTSBSSsOgnkZerN9dUZ-7V-9pDEl_zL7r-5du1xyemyJWv3GXcWtgA.mp4,public/media/motion/process-and-making/green-stationery-preparation-01-poster.jpg,our-craft|gallery,,production-ready,
AQN1dC9vFl9ELZQgSuD8156zjp80S8QvdOtmU8pRE5zlobg06JHemjZkUroL3uEFz8K-lam2HJvK9KMJKqoWr5G8TjNbPapxudfucjUhRVH37g.mp4,lace-edge-invitation-suite-01.mp4,public/media/video/AQN1dC9vFl9ELZQgSuD8156zjp80S8QvdOtmU8pRE5zlobg06JHemjZkUroL3uEFz8K-lam2HJvK9KMJKqoWr5G8TjNbPapxudfucjUhRVH37g.mp4,media-source/videos-original/AQN1dC9vFl9ELZQgSuD8156zjp80S8QvdOtmU8pRE5zlobg06JHemjZkUroL3uEFz8K-lam2HJvK9KMJKqoWr5G8TjNbPapxudfucjUhRVH37g.mp4,public/media/motion/collections/lace-edge-invitation-suite-01.mp4,collections,21,720x1280,720,1280,portrait,h264,High,yuv420p,aac,30,3745825,67dd1433c8a691661c5d32fadea1d0100cb27a6c36db822b795c57e1818e1ae7,unique,AQN1dC9vFl9ELZQgSuD8156zjp80S8QvdOtmU8pRE5zlobg06JHemjZkUroL3uEFz8K-lam2HJvK9KMJKqoWr5G8TjNbPapxudfucjUhRVH37g.mp4,public/media/motion/collections/lace-edge-invitation-suite-01-poster.jpg,collections|collection-detail|gallery,scalloped-ivory-gold-suite,production-ready,
AQN20Nk328JLS230kbPNdpcDllXKQW4p0XWPvLXNQrDvFE83Qft_7HWvgBuX0L-oH318-D4c9PobJ3QTx5AboNRWBrRxg4Ms6YrCxLuPl1IMBg.mp4,illustrated-pop-up-invitation-suite-01.mp4,public/media/video/AQN20Nk328JLS230kbPNdpcDllXKQW4p0XWPvLXNQrDvFE83Qft_7HWvgBuX0L-oH318-D4c9PobJ3QTx5AboNRWBrRxg4Ms6YrCxLuPl1IMBg.mp4,media-source/videos-original/AQN20Nk328JLS230kbPNdpcDllXKQW4p0XWPvLXNQrDvFE83Qft_7HWvgBuX0L-oH318-D4c9PobJ3QTx5AboNRWBrRxg4Ms6YrCxLuPl1IMBg.mp4,public/media/motion/collections/illustrated-pop-up-invitation-suite-01.mp4,collections,29.934,720x1280,720,1280,portrait,h264,High,yuv420p,aac,30,5228939,a1fbd723c88a989fb886d92e76f89bbd15e23e3d15811405979d788d03d853be,unique,AQN20Nk328JLS230kbPNdpcDllXKQW4p0XWPvLXNQrDvFE83Qft_7HWvgBuX0L-oH318-D4c9PobJ3QTx5AboNRWBrRxg4Ms6YrCxLuPl1IMBg.mp4,public/media/motion/collections/illustrated-pop-up-invitation-suite-01-poster.jpg,home|collections|collection-detail|gallery,illustrated-romance-suite,production-ready,
AQN6QxKvma-nGQ1XL-Vs0ftlNuiLAepG-oqWoG75gqXnGedaGaHgSMChXBce656lPLK6JbVXArzUG_eFYthwqKGkyKF_DzQtOhM.mp4,red-heritage-invitation-suite-01.mp4,public/media/video/AQN6QxKvma-nGQ1XL-Vs0ftlNuiLAepG-oqWoG75gqXnGedaGaHgSMChXBce656lPLK6JbVXArzUG_eFYthwqKGkyKF_DzQtOhM.mp4,media-source/videos-original/AQN6QxKvma-nGQ1XL-Vs0ftlNuiLAepG-oqWoG75gqXnGedaGaHgSMChXBce656lPLK6JbVXArzUG_eFYthwqKGkyKF_DzQtOhM.mp4,public/media/motion/collections/red-heritage-invitation-suite-01.mp4,collections,25.693,1080x1920,1080,1920,portrait,vp9,Profile 0,yuv420p,aac,29.97,12044404,6213d6cf8d3befafb254bab0d84456e7ce717b5de11e08a6d952f617f83b7cf5,unique,AQN6QxKvma-nGQ1XL-Vs0ftlNuiLAepG-oqWoG75gqXnGedaGaHgSMChXBce656lPLK6JbVXArzUG_eFYthwqKGkyKF_DzQtOhM.mp4,public/media/motion/collections/red-heritage-invitation-suite-01-poster.jpg,collections|collection-detail|gallery,double-happiness-red-suite,convert-to-h264,
AQN8k_QRQOF1Oe0JMda_sBtPn7_YTPWis9cG_9qfhUnJ-hNXuCbzSnq7MXkrWL9yulPXFBt4UWKXjTMNA0ugDTIL8uCyHIF7_TwAJHHiK_wxBw.mp4,pink-gold-relief-folder-detail-01.mp4,public/media/video/AQN8k_QRQOF1Oe0JMda_sBtPn7_YTPWis9cG_9qfhUnJ-hNXuCbzSnq7MXkrWL9yulPXFBt4UWKXjTMNA0ugDTIL8uCyHIF7_TwAJHHiK_wxBw.mp4,media-source/videos-original/AQN8k_QRQOF1Oe0JMda_sBtPn7_YTPWis9cG_9qfhUnJ-hNXuCbzSnq7MXkrWL9yulPXFBt4UWKXjTMNA0ugDTIL8uCyHIF7_TwAJHHiK_wxBw.mp4,public/media/motion/details-and-finishes/pink-gold-relief-folder-detail-01.mp4,details-and-finishes,32.034,720x1280,720,1280,portrait,h264,High,yuv420p,aac,30,3231116,63deb01d9d9f8375e7e2b0b2ccf54e5110786a8f751fd845e09cf510fc6a9091,unique,AQN8k_QRQOF1Oe0JMda_sBtPn7_YTPWis9cG_9qfhUnJ-hNXuCbzSnq7MXkrWL9yulPXFBt4UWKXjTMNA0ugDTIL8uCyHIF7_TwAJHHiK_wxBw.mp4,public/media/motion/details-and-finishes/pink-gold-relief-folder-detail-01-poster.jpg,our-craft|gallery,blush-figurine-heritage-suite,production-ready,ornate-relief-folder-details
AQNdjsFVnnibGgNg5Qtm7s6eEaHNzXDEhA-ChfB0kMLKxpA7T1vpdb26-UXIHUd2VmuJpHsJ9RZ8XDurty8HqPKEGJ2RLyeqT9A.mp4,neutral-gold-ornate-folder-detail-01.mp4,public/media/video/AQNdjsFVnnibGgNg5Qtm7s6eEaHNzXDEhA-ChfB0kMLKxpA7T1vpdb26-UXIHUd2VmuJpHsJ9RZ8XDurty8HqPKEGJ2RLyeqT9A.mp4,media-source/videos-original/AQNdjsFVnnibGgNg5Qtm7s6eEaHNzXDEhA-ChfB0kMLKxpA7T1vpdb26-UXIHUd2VmuJpHsJ9RZ8XDurty8HqPKEGJ2RLyeqT9A.mp4,public/media/motion/details-and-finishes/neutral-gold-ornate-folder-detail-01.mp4,details-and-finishes,31.079,1080x1920,1080,1920,portrait,vp9,Profile 0,yuv420p,aac,29.989,8009911,4134e69ca02be5734d2abea93c0e4c9a993405cac35b65679d12c29508438fd0,unique,AQNdjsFVnnibGgNg5Qtm7s6eEaHNzXDEhA-ChfB0kMLKxpA7T1vpdb26-UXIHUd2VmuJpHsJ9RZ8XDurty8HqPKEGJ2RLyeqT9A.mp4,public/media/motion/details-and-finishes/neutral-gold-ornate-folder-detail-01-poster.jpg,our-craft|gallery,ivory-gold-ornate-frame-suite,convert-to-h264,neutral-gold-ornate-folder-repeat
AQNGNFhfLqfWCkznffhtxJQK1Hikg2q2s_iYJ6ARv30VtsyO3Tf4KbnkcHfbOcJxk_A7Ue_wtV4qTnmd55vHzGIqaVM_B7w82Tc.mp4,green-heritage-certificate-suite-01.mp4,public/media/video/AQNGNFhfLqfWCkznffhtxJQK1Hikg2q2s_iYJ6ARv30VtsyO3Tf4KbnkcHfbOcJxk_A7Ue_wtV4qTnmd55vHzGIqaVM_B7w82Tc.mp4,media-source/videos-original/AQNGNFhfLqfWCkznffhtxJQK1Hikg2q2s_iYJ6ARv30VtsyO3Tf4KbnkcHfbOcJxk_A7Ue_wtV4qTnmd55vHzGIqaVM_B7w82Tc.mp4,public/media/motion/collections/green-heritage-certificate-suite-01.mp4,collections,30.367,1080x1920,1080,1920,portrait,vp9,Profile 0,yuv420p,aac,30,9436242,eddbac9b7db997801cf6336dc59e90963b7d9b183915fe762b7d365570910865,unique,AQNGNFhfLqfWCkznffhtxJQK1Hikg2q2s_iYJ6ARv30VtsyO3Tf4KbnkcHfbOcJxk_A7Ue_wtV4qTnmd55vHzGIqaVM_B7w82Tc.mp4,public/media/motion/collections/green-heritage-certificate-suite-01-poster.jpg,collections|collection-detail|gallery,lacquer-bird-heritage-suite,convert-to-h264,
AQNIp3_RxrQ_FK904lPi2vvP3yRcUcUvSOvydnUC077S18tUICQof9sA1Iqnfwla1cEeF7xQaRwGWBn_a58SNJD3v9HH-1MnYuA.mp4,cream-launch-announcement-box-01.mp4,public/media/video/AQNIp3_RxrQ_FK904lPi2vvP3yRcUcUvSOvydnUC077S18tUICQof9sA1Iqnfwla1cEeF7xQaRwGWBn_a58SNJD3v9HH-1MnYuA.mp4,media-source/videos-original/AQNIp3_RxrQ_FK904lPi2vvP3yRcUcUvSOvydnUC077S18tUICQof9sA1Iqnfwla1cEeF7xQaRwGWBn_a58SNJD3v9HH-1MnYuA.mp4,public/media/motion/packaging-and-presentation/cream-launch-announcement-box-01.mp4,packaging-and-presentation,18.6,1080x1920,1080,1920,portrait,av1,Main,yuv420p,aac,30,1950395,f978ee13ed68f7e719035278119b3662ba1601f14cf3d4d9ebfbf5bc3c7afdae,unique,AQNIp3_RxrQ_FK904lPi2vvP3yRcUcUvSOvydnUC077S18tUICQof9sA1Iqnfwla1cEeF7xQaRwGWBn_a58SNJD3v9HH-1MnYuA.mp4,public/media/motion/packaging-and-presentation/cream-launch-announcement-box-01-poster.jpg,collection-detail|gallery,,convert-to-h264,
AQNNQQFf1ArOgqKYylWhmSO2SsTrcPOQHBTe4TdSIEfNFJKdv1eaSA_t9wCb6qlu5hdABSuGwsRTop8GU4rj8Xch4G9A_e5WZ-c.mp4,oval-monogram-box-presentation-01.mp4,public/media/video/AQNNQQFf1ArOgqKYylWhmSO2SsTrcPOQHBTe4TdSIEfNFJKdv1eaSA_t9wCb6qlu5hdABSuGwsRTop8GU4rj8Xch4G9A_e5WZ-c.mp4,media-source/videos-original/AQNNQQFf1ArOgqKYylWhmSO2SsTrcPOQHBTe4TdSIEfNFJKdv1eaSA_t9wCb6qlu5hdABSuGwsRTop8GU4rj8Xch4G9A_e5WZ-c.mp4,public/media/motion/packaging-and-presentation/oval-monogram-box-presentation-01.mp4,packaging-and-presentation,14.749,1080x1920,1080,1920,portrait,vp9,Profile 0,yuv420p,aac,29.969,3866336,308513fc183e5908f7f810279901c2f9a9d4a658db38520212eebcf58d381390,unique,AQNNQQFf1ArOgqKYylWhmSO2SsTrcPOQHBTe4TdSIEfNFJKdv1eaSA_t9wCb6qlu5hdABSuGwsRTop8GU4rj8Xch4G9A_e5WZ-c.mp4,public/media/motion/packaging-and-presentation/oval-monogram-box-presentation-01-poster.jpg,collection-detail|gallery,oval-monogram-box-suite,convert-to-h264,
AQNPFo6wH_9FUS4rcpX70q3_ccotvF956qzu1DXPfQLaAmC-IP1Wi9B_Q98tueE1VsPLgTiEnNIMLjSSYUsqaSG3s0LRNQ-yBtb3ppCNLt3jcw.mp4,coordinated-gift-accessories-01.mp4,public/media/video/AQNPFo6wH_9FUS4rcpX70q3_ccotvF956qzu1DXPfQLaAmC-IP1Wi9B_Q98tueE1VsPLgTiEnNIMLjSSYUsqaSG3s0LRNQ-yBtb3ppCNLt3jcw.mp4,media-source/videos-original/AQNPFo6wH_9FUS4rcpX70q3_ccotvF956qzu1DXPfQLaAmC-IP1Wi9B_Q98tueE1VsPLgTiEnNIMLjSSYUsqaSG3s0LRNQ-yBtb3ppCNLt3jcw.mp4,public/media/motion/accessories/coordinated-gift-accessories-01.mp4,accessories,69.4,720x1280,720,1280,portrait,h264,High,yuv420p,aac,30,7550106,02536020651a84bde72f2b76977115ce830cf53cd65ec7797343fe1cd0ebb4ff,unique,AQNPFo6wH_9FUS4rcpX70q3_ccotvF956qzu1DXPfQLaAmC-IP1Wi9B_Q98tueE1VsPLgTiEnNIMLjSSYUsqaSG3s0LRNQ-yBtb3ppCNLt3jcw.mp4,public/media/motion/accessories/coordinated-gift-accessories-01-poster.jpg,home|our-craft|gallery,,production-ready,accessory-assortment-variants
AQNTtLpqkZuxJYzBHgx6anMVE02t06SQ1OVTLLAjsN9z8UooczbYztN9VdrWYMGRUCHj-jSy6uuIq_cA5BbiE4zD60Y8JlRzH0M.mp4,brown-certificate-folder-suite-01.mp4,public/media/video/AQNTtLpqkZuxJYzBHgx6anMVE02t06SQ1OVTLLAjsN9z8UooczbYztN9VdrWYMGRUCHj-jSy6uuIq_cA5BbiE4zD60Y8JlRzH0M.mp4,media-source/videos-original/AQNTtLpqkZuxJYzBHgx6anMVE02t06SQ1OVTLLAjsN9z8UooczbYztN9VdrWYMGRUCHj-jSy6uuIq_cA5BbiE4zD60Y8JlRzH0M.mp4,public/media/motion/collections/brown-certificate-folder-suite-01.mp4,collections,32.5,1080x1920,1080,1920,portrait,vp9,Profile 0,yuv420p,aac,30,11458887,b487268392d2fc9cb0c45f385e0658c1a630761e8aeaee4936d226aacf9bfcd4,unique,AQNTtLpqkZuxJYzBHgx6anMVE02t06SQ1OVTLLAjsN9z8UooczbYztN9VdrWYMGRUCHj-jSy6uuIq_cA5BbiE4zD60Y8JlRzH0M.mp4,public/media/motion/collections/brown-certificate-folder-suite-01-poster.jpg,collections|collection-detail|gallery,textile-certificate-folders,convert-to-h264,
AQNVCmCo8vYEO2GBgdsDPoJezXSEOdAqmjKfEJ4rVAKVk4M8Kp62fWN4cgMbixGiU8GYDRsvuKBy4N_u6mGbV3RmhbaLwepAE-.mp4,champagne-bird-relief-folder-detail-01.mp4,public/media/video/AQNVCmCo8vYEO2GBgdsDPoJezXSEOdAqmjKfEJ4rVAKVk4M8Kp62fWN4cgMbixGiU8GYDRsvuKBy4N_u6mGbV3RmhbaLwepAE-.mp4,media-source/videos-original/AQNVCmCo8vYEO2GBgdsDPoJezXSEOdAqmjKfEJ4rVAKVk4M8Kp62fWN4cgMbixGiU8GYDRsvuKBy4N_u6mGbV3RmhbaLwepAE-.mp4,public/media/motion/details-and-finishes/champagne-bird-relief-folder-detail-01.mp4,details-and-finishes,27.967,1080x1920,1080,1920,portrait,vp9,Profile 0,yuv420p,aac,30,10406585,698d5ee6fb75b9e81a49d4c3929182b7fa4f31d40730d04b2ec09a309be47afe,unique,AQNVCmCo8vYEO2GBgdsDPoJezXSEOdAqmjKfEJ4rVAKVk4M8Kp62fWN4cgMbixGiU8GYDRsvuKBy4N_u6mGbV3RmhbaLwepAE-.mp4,public/media/motion/details-and-finishes/champagne-bird-relief-folder-detail-01-poster.jpg,our-craft|gallery,champagne-sculpted-bird-suite,convert-to-h264,ornate-relief-folder-details
AQNyavEgOoF-vvMtk6le6CY0WhhmlgsZvzV-Ui49BifSzFvlVMXCwi7nStrBQ-jaVAezGD-PqfhJgVzEzJRelaUA8vIrD_2zQm8.mp4,minimal-wax-seal-invitation-suite-01.mp4,public/media/video/AQNyavEgOoF-vvMtk6le6CY0WhhmlgsZvzV-Ui49BifSzFvlVMXCwi7nStrBQ-jaVAezGD-PqfhJgVzEzJRelaUA8vIrD_2zQm8.mp4,media-source/videos-original/AQNyavEgOoF-vvMtk6le6CY0WhhmlgsZvzV-Ui49BifSzFvlVMXCwi7nStrBQ-jaVAezGD-PqfhJgVzEzJRelaUA8vIrD_2zQm8.mp4,public/media/motion/collections/minimal-wax-seal-invitation-suite-01.mp4,collections,30.534,1080x1920,1080,1920,portrait,vp9,Profile 0,yuv420p,aac,60,10113780,9164eb04064e036bb0cc3c670518b5ca5f8a8059daab3b6ff4e60ecb368b9ccf,unique,AQNyavEgOoF-vvMtk6le6CY0WhhmlgsZvzV-Ui49BifSzFvlVMXCwi7nStrBQ-jaVAezGD-PqfhJgVzEzJRelaUA8vIrD_2zQm8.mp4,public/media/motion/collections/minimal-wax-seal-invitation-suite-01-poster.jpg,home|collections|collection-detail|gallery,minimal-gold-wax-suite,convert-to-h264,
AQO2QoE0zIowTsBf9rnjDOqsWAv2sVGmRkrmsj4cm4WORz_d_SmvoZG3I1xqxm104Ev0w5Une0zqJ-eYz-MF6zoDBv9BtSqmgLubzYucA6_RsQ (1).mp4,favor-accessory-display-01.mp4,public/media/video/AQO2QoE0zIowTsBf9rnjDOqsWAv2sVGmRkrmsj4cm4WORz_d_SmvoZG3I1xqxm104Ev0w5Une0zqJ-eYz-MF6zoDBv9BtSqmgLubzYucA6_RsQ (1).mp4,media-source/videos-original/AQO2QoE0zIowTsBf9rnjDOqsWAv2sVGmRkrmsj4cm4WORz_d_SmvoZG3I1xqxm104Ev0w5Une0zqJ-eYz-MF6zoDBv9BtSqmgLubzYucA6_RsQ (1).mp4,public/media/motion/accessories/favor-accessory-display-01.mp4,accessories,37.067,720x1280,720,1280,portrait,h264,High,yuv420p,aac,30,4601347,46bb6dec320ad57ae26e5652c5db7236a7470ca754c59634460b199703bee781,exact-duplicate,AQO2QoE0zIowTsBf9rnjDOqsWAv2sVGmRkrmsj4cm4WORz_d_SmvoZG3I1xqxm104Ev0w5Une0zqJ-eYz-MF6zoDBv9BtSqmgLubzYucA6_RsQ.mp4,public/media/motion/accessories/favor-accessory-display-01-poster.jpg,our-craft|gallery,,production-ready,accessory-assortment-variants
AQO2QoE0zIowTsBf9rnjDOqsWAv2sVGmRkrmsj4cm4WORz_d_SmvoZG3I1xqxm104Ev0w5Une0zqJ-eYz-MF6zoDBv9BtSqmgLubzYucA6_RsQ (2).mp4,favor-accessory-display-01.mp4,public/media/video/AQO2QoE0zIowTsBf9rnjDOqsWAv2sVGmRkrmsj4cm4WORz_d_SmvoZG3I1xqxm104Ev0w5Une0zqJ-eYz-MF6zoDBv9BtSqmgLubzYucA6_RsQ (2).mp4,media-source/videos-original/AQO2QoE0zIowTsBf9rnjDOqsWAv2sVGmRkrmsj4cm4WORz_d_SmvoZG3I1xqxm104Ev0w5Une0zqJ-eYz-MF6zoDBv9BtSqmgLubzYucA6_RsQ (2).mp4,public/media/motion/accessories/favor-accessory-display-01.mp4,accessories,37.067,720x1280,720,1280,portrait,h264,High,yuv420p,aac,30,4601347,46bb6dec320ad57ae26e5652c5db7236a7470ca754c59634460b199703bee781,exact-duplicate,AQO2QoE0zIowTsBf9rnjDOqsWAv2sVGmRkrmsj4cm4WORz_d_SmvoZG3I1xqxm104Ev0w5Une0zqJ-eYz-MF6zoDBv9BtSqmgLubzYucA6_RsQ.mp4,public/media/motion/accessories/favor-accessory-display-01-poster.jpg,our-craft|gallery,,production-ready,accessory-assortment-variants
AQO2QoE0zIowTsBf9rnjDOqsWAv2sVGmRkrmsj4cm4WORz_d_SmvoZG3I1xqxm104Ev0w5Une0zqJ-eYz-MF6zoDBv9BtSqmgLubzYucA6_RsQ.mp4,favor-accessory-display-01.mp4,public/media/video/AQO2QoE0zIowTsBf9rnjDOqsWAv2sVGmRkrmsj4cm4WORz_d_SmvoZG3I1xqxm104Ev0w5Une0zqJ-eYz-MF6zoDBv9BtSqmgLubzYucA6_RsQ.mp4,media-source/videos-original/AQO2QoE0zIowTsBf9rnjDOqsWAv2sVGmRkrmsj4cm4WORz_d_SmvoZG3I1xqxm104Ev0w5Une0zqJ-eYz-MF6zoDBv9BtSqmgLubzYucA6_RsQ.mp4,public/media/motion/accessories/favor-accessory-display-01.mp4,accessories,37.067,720x1280,720,1280,portrait,h264,High,yuv420p,aac,30,4601347,46bb6dec320ad57ae26e5652c5db7236a7470ca754c59634460b199703bee781,exact-duplicate-kept,AQO2QoE0zIowTsBf9rnjDOqsWAv2sVGmRkrmsj4cm4WORz_d_SmvoZG3I1xqxm104Ev0w5Une0zqJ-eYz-MF6zoDBv9BtSqmgLubzYucA6_RsQ.mp4,public/media/motion/accessories/favor-accessory-display-01-poster.jpg,our-craft|gallery,,production-ready,accessory-assortment-variants
AQOAORCOthmrVEUu-8x3Rb0tRufF33qGDAIHAoR8XLESfeMi5eARv66C16cZQmoTlByw52TSD6v3OtbRxB8BJ-MeAmJXgebfOkgcgNSRr49z4w.mp4,dark-lacquer-gold-relief-detail-01.mp4,public/media/video/AQOAORCOthmrVEUu-8x3Rb0tRufF33qGDAIHAoR8XLESfeMi5eARv66C16cZQmoTlByw52TSD6v3OtbRxB8BJ-MeAmJXgebfOkgcgNSRr49z4w.mp4,media-source/videos-original/AQOAORCOthmrVEUu-8x3Rb0tRufF33qGDAIHAoR8XLESfeMi5eARv66C16cZQmoTlByw52TSD6v3OtbRxB8BJ-MeAmJXgebfOkgcgNSRr49z4w.mp4,public/media/motion/details-and-finishes/dark-lacquer-gold-relief-detail-01.mp4,details-and-finishes,62.7,720x1280,720,1280,portrait,h264,High,yuv420p,aac,30,9317082,89ab692ec6f351302176cf45858b5c2e6d4874a4fdc1efa410c2117644d07889,unique,AQOAORCOthmrVEUu-8x3Rb0tRufF33qGDAIHAoR8XLESfeMi5eARv66C16cZQmoTlByw52TSD6v3OtbRxB8BJ-MeAmJXgebfOkgcgNSRr49z4w.mp4,public/media/motion/details-and-finishes/dark-lacquer-gold-relief-detail-01-poster.jpg,our-craft|gallery,lacquer-bird-heritage-suite,production-ready,ornate-relief-folder-details
AQOF27__j00CeOPNbY4Hcw5745lSYZUBDRBXewybwGoERRlW09VwC7ENOpfxWh1laoMea5aXuKvq5Wt6W-AK1rFjobKew2uVbH4MUn90NvtmJA.mp4,pink-boxed-certificate-presentation-01.mp4,public/media/video/AQOF27__j00CeOPNbY4Hcw5745lSYZUBDRBXewybwGoERRlW09VwC7ENOpfxWh1laoMea5aXuKvq5Wt6W-AK1rFjobKew2uVbH4MUn90NvtmJA.mp4,media-source/videos-original/AQOF27__j00CeOPNbY4Hcw5745lSYZUBDRBXewybwGoERRlW09VwC7ENOpfxWh1laoMea5aXuKvq5Wt6W-AK1rFjobKew2uVbH4MUn90NvtmJA.mp4,public/media/motion/packaging-and-presentation/pink-boxed-certificate-presentation-01.mp4,packaging-and-presentation,34.367,720x1278,720,1278,portrait,h264,High,yuv420p,aac,30,2862822,4b4bbaf550b105ca6b63c6f5aa03f3cb66541e2f33bbd1f07536d8d452752af5,unique,AQOF27__j00CeOPNbY4Hcw5745lSYZUBDRBXewybwGoERRlW09VwC7ENOpfxWh1laoMea5aXuKvq5Wt6W-AK1rFjobKew2uVbH4MUn90NvtmJA.mp4,public/media/motion/packaging-and-presentation/pink-boxed-certificate-presentation-01-poster.jpg,collection-detail|gallery,,production-ready,boxed-presentation-variants
AQOHG3HVgKMmJdtMZp225tgj8w6gspFbdebdOc_x31GEuQofqjpsHcjpvZ3JRl4PUVHQ-3kYkU4ZR10-cEVoH9ZuVKtdoypgnHvDrRM5aqz9Fw.mp4,neutral-gold-ornate-folder-detail-02.mp4,public/media/video/AQOHG3HVgKMmJdtMZp225tgj8w6gspFbdebdOc_x31GEuQofqjpsHcjpvZ3JRl4PUVHQ-3kYkU4ZR10-cEVoH9ZuVKtdoypgnHvDrRM5aqz9Fw.mp4,media-source/videos-original/AQOHG3HVgKMmJdtMZp225tgj8w6gspFbdebdOc_x31GEuQofqjpsHcjpvZ3JRl4PUVHQ-3kYkU4ZR10-cEVoH9ZuVKtdoypgnHvDrRM5aqz9Fw.mp4,public/media/motion/details-and-finishes/neutral-gold-ornate-folder-detail-02.mp4,details-and-finishes,26.734,720x1280,720,1280,portrait,h264,High,yuv420p,aac,30,3144942,fcbd8abc94f96bb9158160d575188ca60042726af5ad6f283e3cfbb7956150e3,unique,AQOHG3HVgKMmJdtMZp225tgj8w6gspFbdebdOc_x31GEuQofqjpsHcjpvZ3JRl4PUVHQ-3kYkU4ZR10-cEVoH9ZuVKtdoypgnHvDrRM5aqz9Fw.mp4,public/media/motion/details-and-finishes/neutral-gold-ornate-folder-detail-02-poster.jpg,our-craft|gallery,ivory-gold-ornate-frame-suite,production-ready,neutral-gold-ornate-folder-repeat
AQOIohT9o80KUuEcA2-k96ozSe76UbhQX8e__47jMBZATteBGySyaCQyRtsDdav9WGkqG1epSzyMZ3Ylrg76a0QDXVaM9kYi5PA.mp4,monogram-boxed-envelope-presentation-01.mp4,public/media/video/AQOIohT9o80KUuEcA2-k96ozSe76UbhQX8e__47jMBZATteBGySyaCQyRtsDdav9WGkqG1epSzyMZ3Ylrg76a0QDXVaM9kYi5PA.mp4,media-source/videos-original/AQOIohT9o80KUuEcA2-k96ozSe76UbhQX8e__47jMBZATteBGySyaCQyRtsDdav9WGkqG1epSzyMZ3Ylrg76a0QDXVaM9kYi5PA.mp4,public/media/motion/packaging-and-presentation/monogram-boxed-envelope-presentation-01.mp4,packaging-and-presentation,25.867,1080x1920,1080,1920,portrait,av1,Main,yuv420p,aac,30,1722021,49924aa40a03a630006fed9a40058c94ec3f2208b5c797c8cfd7be925e31627e,unique,AQOIohT9o80KUuEcA2-k96ozSe76UbhQX8e__47jMBZATteBGySyaCQyRtsDdav9WGkqG1epSzyMZ3Ylrg76a0QDXVaM9kYi5PA.mp4,public/media/motion/packaging-and-presentation/monogram-boxed-envelope-presentation-01-poster.jpg,collection-detail|gallery,premium-boxed-signature-set,convert-to-h264,boxed-presentation-variants
AQOJa7wjiUgazG-1wB-pLbCJdA7vYmK3W1phgQC6oHWFvajUT0ntKhU2h7kQlkaLkEzEaGCoNmPktzAgJTD6jSg0lWYXywxRJ3w.mp4,green-venue-invitation-suite-01.mp4,public/media/video/AQOJa7wjiUgazG-1wB-pLbCJdA7vYmK3W1phgQC6oHWFvajUT0ntKhU2h7kQlkaLkEzEaGCoNmPktzAgJTD6jSg0lWYXywxRJ3w.mp4,media-source/videos-original/AQOJa7wjiUgazG-1wB-pLbCJdA7vYmK3W1phgQC6oHWFvajUT0ntKhU2h7kQlkaLkEzEaGCoNmPktzAgJTD6jSg0lWYXywxRJ3w.mp4,public/media/motion/collections/green-venue-invitation-suite-01.mp4,collections,44.545,1080x1920,1080,1920,portrait,av1,Main,yuv420p,aac,29.97,6273513,1dd1b11cffdbada280774cb70e7fc3229770e329c79d024cb94868e528801874,unique,AQOJa7wjiUgazG-1wB-pLbCJdA7vYmK3W1phgQC6oHWFvajUT0ntKhU2h7kQlkaLkEzEaGCoNmPktzAgJTD6jSg0lWYXywxRJ3w.mp4,public/media/motion/collections/green-venue-invitation-suite-01-poster.jpg,collections|collection-detail|gallery,green-venue-botanical-suite,convert-to-h264,
AQOOlUtmzo8b8dtrNELEETcaJ-b1B-y0ERVutNtVUK1Irzfh598yeM_IAcCNWi1_l7ptdleEndlvFt6TwbzUd-XryZBY3aVIKmE.mp4,burgundy-corporate-folder-suite-01.mp4,public/media/video/AQOOlUtmzo8b8dtrNELEETcaJ-b1B-y0ERVutNtVUK1Irzfh598yeM_IAcCNWi1_l7ptdleEndlvFt6TwbzUd-XryZBY3aVIKmE.mp4,media-source/videos-original/AQOOlUtmzo8b8dtrNELEETcaJ-b1B-y0ERVutNtVUK1Irzfh598yeM_IAcCNWi1_l7ptdleEndlvFt6TwbzUd-XryZBY3aVIKmE.mp4,public/media/motion/collections/burgundy-corporate-folder-suite-01.mp4,collections,25.6,1080x1920,1080,1920,portrait,vp9,Profile 0,yuv420p,aac,30,6685916,547d64d6668fc5933110086a02dd594993e8454e539e6eec3c1136e165905368,unique,AQOOlUtmzo8b8dtrNELEETcaJ-b1B-y0ERVutNtVUK1Irzfh598yeM_IAcCNWi1_l7ptdleEndlvFt6TwbzUd-XryZBY3aVIKmE.mp4,public/media/motion/collections/burgundy-corporate-folder-suite-01-poster.jpg,collections|collection-detail|gallery,,convert-to-h264,
AQOtzAJgWChaO3WXDFwczV31ZH3WhqRDKIc3KDGQ6NUuyY_oHuHKk7DsRHyrHW4ACVkkpUuafcXUrK41NF-Fj3BJMIGTnMgK5RU.mp4,red-program-invitation-suite-01.mp4,public/media/video/AQOtzAJgWChaO3WXDFwczV31ZH3WhqRDKIc3KDGQ6NUuyY_oHuHKk7DsRHyrHW4ACVkkpUuafcXUrK41NF-Fj3BJMIGTnMgK5RU.mp4,media-source/videos-original/AQOtzAJgWChaO3WXDFwczV31ZH3WhqRDKIc3KDGQ6NUuyY_oHuHKk7DsRHyrHW4ACVkkpUuafcXUrK41NF-Fj3BJMIGTnMgK5RU.mp4,public/media/motion/collections/red-program-invitation-suite-01.mp4,collections,36.67,1080x1920,1080,1920,portrait,vp9,Profile 0,yuv420p,aac,29.97,11156953,3e0e2d1108e874c1c3c0e1089f8bdf994c732739b757ebb33357faf44a9e16fd,unique,AQOtzAJgWChaO3WXDFwczV31ZH3WhqRDKIc3KDGQ6NUuyY_oHuHKk7DsRHyrHW4ACVkkpUuafcXUrK41NF-Fj3BJMIGTnMgK5RU.mp4,public/media/motion/collections/red-program-invitation-suite-01-poster.jpg,collections|collection-detail|gallery,minimal-red-program-suite,convert-to-h264,
AQPf4xJzO4F0b1FqdaHTTwR8QgmXx1kPfaBT5IyUGJEpftk8fJ24hWPkwXxt71C44jyCXvg_cfti6vVOqpKRmDD2ipUykxo6_wU.mp4,white-wax-seal-invitation-suite-01.mp4,public/media/video/AQPf4xJzO4F0b1FqdaHTTwR8QgmXx1kPfaBT5IyUGJEpftk8fJ24hWPkwXxt71C44jyCXvg_cfti6vVOqpKRmDD2ipUykxo6_wU.mp4,media-source/videos-original/AQPf4xJzO4F0b1FqdaHTTwR8QgmXx1kPfaBT5IyUGJEpftk8fJ24hWPkwXxt71C44jyCXvg_cfti6vVOqpKRmDD2ipUykxo6_wU.mp4,public/media/motion/collections/white-wax-seal-invitation-suite-01.mp4,collections,49.75,1080x1920,1080,1920,portrait,vp9,Profile 0,yuv420p,aac,29.97,11536325,1f590ed54fee5f6b80be6b224b857e6a51e5915f6cc60b0839ba2d428c568054,unique,AQPf4xJzO4F0b1FqdaHTTwR8QgmXx1kPfaBT5IyUGJEpftk8fJ24hWPkwXxt71C44jyCXvg_cfti6vVOqpKRmDD2ipUykxo6_wU.mp4,public/media/motion/collections/white-wax-seal-invitation-suite-01-poster.jpg,collections|collection-detail|gallery,minimal-botanical-seal-suite,convert-to-h264,
AQPMtphyvaGs-JOHQmhjhD0IF2Cw_QPxSHhSS2ocL-NX0A7xfUJmnPKu6dq-jnlQEjZwrSIO0PPuQpxbNwLFv_wRpGzB9kWGcW-zYWpKYaIeKA.mp4,ivory-gold-frame-detail-01.mp4,public/media/video/AQPMtphyvaGs-JOHQmhjhD0IF2Cw_QPxSHhSS2ocL-NX0A7xfUJmnPKu6dq-jnlQEjZwrSIO0PPuQpxbNwLFv_wRpGzB9kWGcW-zYWpKYaIeKA.mp4,media-source/videos-original/AQPMtphyvaGs-JOHQmhjhD0IF2Cw_QPxSHhSS2ocL-NX0A7xfUJmnPKu6dq-jnlQEjZwrSIO0PPuQpxbNwLFv_wRpGzB9kWGcW-zYWpKYaIeKA.mp4,public/media/motion/details-and-finishes/ivory-gold-frame-detail-01.mp4,details-and-finishes,24.7,720x1280,720,1280,portrait,h264,High,yuv420p,aac,30,3142358,5261ac7efbdd451b1b6ebe30ce066e8af752f8ee27524dba4be9cc7268df6068,unique,AQPMtphyvaGs-JOHQmhjhD0IF2Cw_QPxSHhSS2ocL-NX0A7xfUJmnPKu6dq-jnlQEjZwrSIO0PPuQpxbNwLFv_wRpGzB9kWGcW-zYWpKYaIeKA.mp4,public/media/motion/details-and-finishes/ivory-gold-frame-detail-01-poster.jpg,home|our-craft|gallery,ivory-gold-ornate-frame-suite,production-ready,ornate-relief-folder-details
AQPQ3465DwPYT-uS5B0mGMyNDYG-X4oyFRC7OQZB5f-fmbIETt-4os6vvK4Ib5x790nWY9eMj4RYuQa2GJLlkZwL5TUtvRmFhGw.mp4,blue-venue-certificate-box-01.mp4,public/media/video/AQPQ3465DwPYT-uS5B0mGMyNDYG-X4oyFRC7OQZB5f-fmbIETt-4os6vvK4Ib5x790nWY9eMj4RYuQa2GJLlkZwL5TUtvRmFhGw.mp4,media-source/videos-original/AQPQ3465DwPYT-uS5B0mGMyNDYG-X4oyFRC7OQZB5f-fmbIETt-4os6vvK4Ib5x790nWY9eMj4RYuQa2GJLlkZwL5TUtvRmFhGw.mp4,public/media/motion/packaging-and-presentation/blue-venue-certificate-box-01.mp4,packaging-and-presentation,35.402,1080x1920,1080,1920,portrait,vp9,Profile 0,yuv420p,aac,29.97,7923877,4fd4e1f93e4a9ff138b573e396797b17360c84e2a2134a8a1eee6b36c52811b8,unique,AQPQ3465DwPYT-uS5B0mGMyNDYG-X4oyFRC7OQZB5f-fmbIETt-4os6vvK4Ib5x790nWY9eMj4RYuQa2GJLlkZwL5TUtvRmFhGw.mp4,public/media/motion/packaging-and-presentation/blue-venue-certificate-box-01-poster.jpg,collection-detail|gallery,blue-venue-illustrated-suite,convert-to-h264,boxed-presentation-variants
AQPTGwUzCEUP08uE8JqzaQbilmsxcQD237_AVHnIYTkpwM1zDbBnHWWFyylH6yeZmMMfx7NAdLiBa91X3Z-2HqxgQx1vR2RZjyw.mp4,luxury-folder-box-presentation-01.mp4,public/media/video/AQPTGwUzCEUP08uE8JqzaQbilmsxcQD237_AVHnIYTkpwM1zDbBnHWWFyylH6yeZmMMfx7NAdLiBa91X3Z-2HqxgQx1vR2RZjyw.mp4,media-source/videos-original/AQPTGwUzCEUP08uE8JqzaQbilmsxcQD237_AVHnIYTkpwM1zDbBnHWWFyylH6yeZmMMfx7NAdLiBa91X3Z-2HqxgQx1vR2RZjyw.mp4,public/media/motion/packaging-and-presentation/luxury-folder-box-presentation-01.mp4,packaging-and-presentation,41.1,1080x1920,1080,1920,portrait,vp9,Profile 0,yuv420p,aac,30,9288735,8f5d26c173c888dd11ff088fd38b3c732c7041daaa406395cbefbe7296bd50c8,unique,AQPTGwUzCEUP08uE8JqzaQbilmsxcQD237_AVHnIYTkpwM1zDbBnHWWFyylH6yeZmMMfx7NAdLiBa91X3Z-2HqxgQx1vR2RZjyw.mp4,public/media/motion/packaging-and-presentation/luxury-folder-box-presentation-01-poster.jpg,collection-detail|gallery,royal-lacquer-gold-box-set,convert-to-h264,boxed-presentation-variants
AQPui0VeRWU1vDNyggvjdUh-KVMxSGsC8sv__wg3dB7AZ1wSomJJP4g1Ii__oGrB7QCbj6s51MLCbItufx2Hx-BZI6cdU1uAyp4.mp4,royal-blue-gold-suite-01.mp4,public/media/video/AQPui0VeRWU1vDNyggvjdUh-KVMxSGsC8sv__wg3dB7AZ1wSomJJP4g1Ii__oGrB7QCbj6s51MLCbItufx2Hx-BZI6cdU1uAyp4.mp4,media-source/videos-original/AQPui0VeRWU1vDNyggvjdUh-KVMxSGsC8sv__wg3dB7AZ1wSomJJP4g1Ii__oGrB7QCbj6s51MLCbItufx2Hx-BZI6cdU1uAyp4.mp4,public/media/motion/collections/royal-blue-gold-suite-01.mp4,collections,14.625,1080x1920,1080,1920,portrait,vp9,Profile 0,yuv420p,aac,24,4046794,d6a758b4d9d49d1210507cabfabca269785f20124c528d352adcf59f49794247,unique,AQPui0VeRWU1vDNyggvjdUh-KVMxSGsC8sv__wg3dB7AZ1wSomJJP4g1Ii__oGrB7QCbj6s51MLCbItufx2Hx-BZI6cdU1uAyp4.mp4,public/media/motion/collections/royal-blue-gold-suite-01-poster.jpg,home|collections|collection-detail|gallery,royal-blue-gold-suite,convert-to-h264,
AQPW3u9Yo0VUvwYPw6gssxNoLhuZXr0n1ATeD_viQprRrzX_Pofh5JBNcLv7-L3DtZOEHukPqHee9t6tEeoCZTqr5qOlsMJLyi8.mp4,pink-fan-invitation-suite-01.mp4,public/media/video/AQPW3u9Yo0VUvwYPw6gssxNoLhuZXr0n1ATeD_viQprRrzX_Pofh5JBNcLv7-L3DtZOEHukPqHee9t6tEeoCZTqr5qOlsMJLyi8.mp4,media-source/videos-original/AQPW3u9Yo0VUvwYPw6gssxNoLhuZXr0n1ATeD_viQprRrzX_Pofh5JBNcLv7-L3DtZOEHukPqHee9t6tEeoCZTqr5qOlsMJLyi8.mp4,public/media/motion/collections/pink-fan-invitation-suite-01.mp4,collections,24.825,1080x1920,1080,1920,portrait,vp9,Profile 0,yuv420p,aac,29.97,6976457,6e7fbe3725fcc0d214a3968abff66840f1bef87004fa2202d4c53723d3cb7cf7,unique,AQPW3u9Yo0VUvwYPw6gssxNoLhuZXr0n1ATeD_viQprRrzX_Pofh5JBNcLv7-L3DtZOEHukPqHee9t6tEeoCZTqr5qOlsMJLyi8.mp4,public/media/motion/collections/pink-fan-invitation-suite-01-poster.jpg,collections|collection-detail|gallery,blush-fan-signature-suite,convert-to-h264,
AQPzbpO_i3eeWXA_5mPS0XGgaHfRSgGnHN8Cj8V8AcTrmy0eU12ni1rYmoYfh7tZ1P2wMrY7tUcn0t61Xh8-aOc5ADcEih_cPMI.mp4,lavender-floral-invitation-suite-01.mp4,public/media/video/AQPzbpO_i3eeWXA_5mPS0XGgaHfRSgGnHN8Cj8V8AcTrmy0eU12ni1rYmoYfh7tZ1P2wMrY7tUcn0t61Xh8-aOc5ADcEih_cPMI.mp4,media-source/videos-original/AQPzbpO_i3eeWXA_5mPS0XGgaHfRSgGnHN8Cj8V8AcTrmy0eU12ni1rYmoYfh7tZ1P2wMrY7tUcn0t61Xh8-aOc5ADcEih_cPMI.mp4,public/media/motion/collections/lavender-floral-invitation-suite-01.mp4,collections,35.969,1080x1920,1080,1920,portrait,vp9,Profile 0,yuv420p,aac,29.971,6589771,096070788155d5daf9d663fcbeb99f9a9eddd14409bd88e479b94af5d8cc4b83,unique,AQPzbpO_i3eeWXA_5mPS0XGgaHfRSgGnHN8Cj8V8AcTrmy0eU12ni1rYmoYfh7tZ1P2wMrY7tUcn0t61Xh8-aOc5ADcEih_cPMI.mp4,public/media/motion/collections/lavender-floral-invitation-suite-01-poster.jpg,collections|collection-detail|gallery,lavender-floral-program-suite,convert-to-h264,
Elegant star show room-for about.mp4,showroom-tour-01.mp4,public/media/video/Elegant star show room-for about.mp4,media-source/videos-original/Elegant star show room-for about.mp4,public/media/motion/brand/showroom/showroom-tour-01.mp4,brand,18.384,720x1280,720,1280,portrait,vp9,Profile 0,yuv420p,aac,30.842,4216929,1d5c1f19bb817a047deb4e940349705202b035179a617a82ac4f8bf01db522e7,unique,Elegant star show room-for about.mp4,public/media/motion/brand/showroom/showroom-tour-01-poster.jpg,about,,convert-to-h264,
